{
    "project": {
        "name": "p5.play",
        "description": "A  p5.js library for games and playthings",
        "version": "1.0.0",
        "url": "http://molleindustria.org/",
        "logo": "../asterisk.png"
    },
    "files": {
        "lib/p5.play.js": {
            "name": "lib/p5.play.js",
            "modules": {
                "p5.play": 1
            },
            "classes": {
                "Sprite": 1,
                "Camera": 1,
                "Group": 1,
                "Animation": 1,
                "SpriteSheet": 1
            },
            "fors": {
                "p5.play": 1
            },
            "namespaces": {}
        }
    },
    "modules": {
        "p5.play": {
            "name": "p5.play",
            "submodules": {},
            "elements": {},
            "classes": {
                "p5.play": 1,
                "Sprite": 1,
                "Camera": 1,
                "Group": 1,
                "Animation": 1,
                "SpriteSheet": 1
            },
            "fors": {
                "p5.play": 1
            },
            "namespaces": {},
            "module": "p5.play",
            "file": "lib/p5.play.js",
            "line": 3477,
            "description": "p5.play is a library for p5.js to facilitate the creation of games and gamelike\nprojects.\n\nIt provides a flexible Sprite class to manage visual objects in 2D space\nand features such as animation support, basic collision detection\nand resolution, mouse and keyboard interactions, and a virtual camera.\n\np5.play is not a box2D-derived physics engine, it doesn't use events, and it's\ndesigned to be understood and possibly modified by intermediate programmers.\n\nSee the examples folder for more info on how to use this library.",
            "tag": "main",
            "itemtype": "main"
        }
    },
    "classes": {
        "p5.play": {
            "name": "p5.play",
            "shortname": "p5.play",
            "classitems": [],
            "plugins": [],
            "extensions": [],
            "plugin_for": [],
            "extension_for": [],
            "module": "p5.play",
            "submodule": "p5.play",
            "namespace": ""
        },
        "Sprite": {
            "name": "Sprite",
            "shortname": "Sprite",
            "classitems": [],
            "plugins": [],
            "extensions": [],
            "plugin_for": [],
            "extension_for": [],
            "module": "p5.play",
            "submodule": "p5.play",
            "namespace": "",
            "file": "lib/p5.play.js",
            "line": 636,
            "description": "A Sprite is the main building block of p5.play:\nan element able to store images or animations with a set of\nproperties such as position and visibility.\nA Sprite can have a collider that defines the active area to detect\ncollisions or overlappings with other sprites and mouse interactions.",
            "is_constructor": 1,
            "params": [
                {
                    "name": "x",
                    "description": "Initial x coordinate",
                    "type": "Number"
                },
                {
                    "name": "y",
                    "description": "Initial y coordinate",
                    "type": "Number"
                },
                {
                    "name": "width",
                    "description": "Width of the placeholder rectangle and of the\n                      collider until an image or new collider are set",
                    "type": "Number"
                },
                {
                    "name": "height",
                    "description": "Height of the placeholder rectangle and of the\n                      collider until an image or new collider are set",
                    "type": "Number"
                }
            ]
        },
        "Camera": {
            "name": "Camera",
            "shortname": "Camera",
            "classitems": [],
            "plugins": [],
            "extensions": [],
            "plugin_for": [],
            "extension_for": [],
            "module": "p5.play",
            "submodule": "p5.play",
            "namespace": "",
            "file": "lib/p5.play.js",
            "line": 2167,
            "description": "A camera facilitates scrolling and zooming for scenes extending beyond\nthe canvas. A camera has a position, a zoom factor, and the mouse\ncoordinates relative to the view.\nThe camera is automatically created on the first draw cycle.\n\nIn p5.js terms the camera wraps the whole drawing cycle in a\ntransformation matrix but it can be disable anytime during the draw\ncycle for example to draw interface elements in an absolute position.",
            "is_constructor": 1,
            "params": [
                {
                    "name": "x",
                    "description": "Initial x coordinate",
                    "type": "Number"
                },
                {
                    "name": "y",
                    "description": "Initial y coordinate",
                    "type": "Number"
                },
                {
                    "name": "zoom",
                    "description": "magnification",
                    "type": "Number"
                }
            ]
        },
        "Group": {
            "name": "Group",
            "shortname": "Group",
            "classitems": [],
            "plugins": [],
            "extensions": [],
            "plugin_for": [],
            "extension_for": [],
            "module": "p5.play",
            "submodule": "p5.play",
            "namespace": "",
            "file": "lib/p5.play.js",
            "line": 2302,
            "description": "In p5.play groups are collections of sprites with similar behavior.\nFor example a group may contain all the sprites in the background\nor all the sprites that \"kill\" the player.\n\nGroups are \"extended\" arrays and inherit all their properties\ne.g. group.length\n\nSince groups contain only references, a sprite can be in multiple\ngroups and deleting a group doesn't affect the sprites themselves.\n\nSprite.remove() will also remove the sprite from all the groups\nit belongs to.",
            "is_constructor": 1
        },
        "Animation": {
            "name": "Animation",
            "shortname": "Animation",
            "classitems": [],
            "plugins": [],
            "extensions": [],
            "plugin_for": [],
            "extension_for": [],
            "module": "p5.play",
            "submodule": "p5.play",
            "namespace": "",
            "file": "lib/p5.play.js",
            "line": 2972,
            "description": "An Animation object contains a series of images (p5.Image) that\ncan be displayed sequentially.\n\nAll files must be png images. You must include the directory from the sketch root,\nand the extension .png\n\nA sprite can have multiple labeled animations, see Sprite.addAnimation\nand Sprite.changeAnimation, however an animation can be used independently.\n\nAn animation can be created either by passing a series of file names,\nno matter how many or by passing the first and the last file name\nof a numbered sequence.\np5.play will try to detect the sequence pattern.\n\nFor example if the given filenames are\n\"data/file0001.png\" and \"data/file0005.png\" the images\n\"data/file0003.png\" and \"data/file0004.png\" will be loaded as well.",
            "example": [
                "\n<code>\nvar sequenceAnimation;<br>\nvar glitch;<br><br>\nfunction preload() {<br>\n  sequenceAnimation = loadAnimation(\"data/walking0001.png\", \"data/walking0005.png\");<br>\n  glitch = loadAnimation(\"data/dog.png\", \"data/horse.png\", \"data/cat.png\", \"data/snake.png\");<br>\n}<br><br>\nfunction setup() {<br>\n  createCanvas(800, 600);<br>\n}<br><br>\nfunction draw() {<br>\n  background(0);<br>\n  animation(sequenceAnimation, 100, 100);<br>\n  animation(glitch, 200, 100);<br>\n}\n</code>"
            ],
            "is_constructor": 1,
            "params": [
                {
                    "name": "fileName1",
                    "description": "First file in a sequence OR first image file",
                    "type": "String"
                },
                {
                    "name": "fileName2",
                    "description": "Last file in a sequence OR second image file",
                    "type": "String"
                },
                {
                    "name": "fileNameN",
                    "description": "Any number of image files after the first two",
                    "type": "String",
                    "optional": true,
                    "multiple": true
                }
            ]
        },
        "SpriteSheet": {
            "name": "SpriteSheet",
            "shortname": "SpriteSheet",
            "classitems": [],
            "plugins": [],
            "extensions": [],
            "plugin_for": [],
            "extension_for": [],
            "module": "p5.play",
            "submodule": "p5.play",
            "namespace": "",
            "file": "lib/p5.play.js",
            "line": 3477,
            "description": "Represents a sprite sheet and all it's frames.  To be used with Animation,\nor static drawing single frames.\n\n There are two different ways to load a SpriteSheet\n\n1. Given width, height that will be used for every frame and the\n   number of frames to cycle through. The sprite sheet must have a\n   uniform grid with consistent rows and columns.\n\n2. Given an array of frame objects that define the position and\n   dimensions of each frame.  This is Flexible because you can use\n   sprite sheets that don't have uniform rows and columns.",
            "example": [
                "\n<code>\n  // Method 1 - Using width, height for each frame and number of frames<br/>\n  explode_sprite_sheet = loadSpriteSheet('assets/explode_sprite_sheet.png', 171, 158, 11);\n  <br/><br/>\n  // Method 2 - Using an array of objects that define each frame\n  var player_frames = loadJSON('assets/tiles.json');<br/>\n  player_sprite_sheet = loadSpriteSheet('assets/player_spritesheet.png', player_frames);<br/>\n</code>"
            ],
            "is_constructor": 1,
            "params": [
                {
                    "name": "image",
                    "description": "String image path or p5.Image object"
                }
            ]
        }
    },
    "elements": {},
    "classitems": [
        {
            "file": "lib/p5.play.js",
            "line": 52,
            "description": "A Group containing all the sprites in the sketch.",
            "itemtype": "property",
            "name": "allSprites",
            "type": "{Group}",
            "class": "p5.play",
            "module": "p5.play",
            "submodule": "p5.play"
        },
        {
            "file": "lib/p5.play.js",
            "line": 60,
            "description": "A Sprite is the main building block of p5.play:\nan element able to store images or animations with a set of\nproperties such as position and visibility.\nA Sprite can have a collider that defines the active area to detect\ncollisions or overlappings with other sprites and mouse interactions.",
            "itemtype": "method",
            "name": "createSprite",
            "params": [
                {
                    "name": "x",
                    "description": "Initial x coordinate",
                    "type": "Number"
                },
                {
                    "name": "y",
                    "description": "Initial y coordinate",
                    "type": "Number"
                },
                {
                    "name": "width",
                    "description": "Width of the placeholder rectangle and of the\n                      collider until an image or new collider are set",
                    "type": "Number"
                },
                {
                    "name": "height",
                    "description": "Height of the placeholder rectangle and of the\n                      collider until an image or new collider are set",
                    "type": "Number"
                }
            ],
            "return": {
                "description": "The new sprite instance",
                "type": "Object"
            },
            "class": "p5.play",
            "module": "p5.play",
            "submodule": "p5.play"
        },
        {
            "file": "lib/p5.play.js",
            "line": 85,
            "description": "Removes a Sprite from the sketch.\nThe removed Sprite won't be drawn or updated anymore.\nEquivalent to Sprite.remove()",
            "itemtype": "method",
            "name": "removeSprite",
            "params": [
                {
                    "name": "sprite",
                    "description": "Sprite to be removed",
                    "type": "Object"
                }
            ],
            "class": "p5.play",
            "module": "p5.play",
            "submodule": "p5.play"
        },
        {
            "file": "lib/p5.play.js",
            "line": 97,
            "description": "Updates all the sprites in the sketch (position, animation...)\nit's called automatically at every draw().\nIt can be paused by passing a parameter true or false;\nNote: it does not render the sprites.",
            "itemtype": "method",
            "name": "updateSprites",
            "params": [
                {
                    "name": "updating",
                    "description": "false to pause the update, true to resume",
                    "type": "Boolean"
                }
            ],
            "class": "p5.play",
            "module": "p5.play",
            "submodule": "p5.play"
        },
        {
            "file": "lib/p5.play.js",
            "line": 122,
            "description": "Returns all the sprites in the sketch as an array",
            "itemtype": "method",
            "name": "getSprites",
            "return": {
                "description": "Array of Sprites",
                "type": "Array"
            },
            "class": "p5.play",
            "module": "p5.play",
            "submodule": "p5.play"
        },
        {
            "file": "lib/p5.play.js",
            "line": 153,
            "description": "Displays a Group of sprites.\nIf no parameter is specified, draws all sprites in the\nsketch.\nThe drawing order is determined by the Sprite property \"depth\"",
            "methid": "drawSprites",
            "params": [
                {
                    "name": "group",
                    "description": "Group of Sprites to be displayed",
                    "type": "Group",
                    "optional": true
                }
            ],
            "class": "p5.play",
            "module": "p5.play",
            "submodule": "p5.play"
        },
        {
            "file": "lib/p5.play.js",
            "line": 189,
            "description": "Displays a Sprite.\nTo be typically used in the main draw function.",
            "itemtype": "method",
            "name": "drawSprite",
            "params": [
                {
                    "name": "sprite",
                    "description": "Sprite to be displayed",
                    "type": "Sprite"
                }
            ],
            "class": "p5.play",
            "module": "p5.play",
            "submodule": "p5.play"
        },
        {
            "file": "lib/p5.play.js",
            "line": 201,
            "description": "Loads an animation.\nTo be typically used in the preload() function of the sketch.",
            "itemtype": "method",
            "name": "loadAnimation",
            "params": [
                {
                    "name": "sprite",
                    "description": "Sprite to be displayed",
                    "type": "Sprite"
                }
            ],
            "class": "p5.play",
            "module": "p5.play",
            "submodule": "p5.play"
        },
        {
            "file": "lib/p5.play.js",
            "line": 212,
            "description": "Loads a Sprite Sheet.\nTo be typically used in the preload() function of the sketch.",
            "itemtype": "method",
            "name": "loadSpriteSheet",
            "class": "p5.play",
            "module": "p5.play",
            "submodule": "p5.play"
        },
        {
            "file": "lib/p5.play.js",
            "line": 222,
            "description": "Displays an animation.",
            "itemtype": "method",
            "name": "animation",
            "params": [
                {
                    "name": "anim",
                    "description": "Animation to be displayed",
                    "type": "Animation"
                },
                {
                    "name": "x",
                    "description": "X coordinate",
                    "type": "Number"
                },
                {
                    "name": "y",
                    "description": "Y coordinate",
                    "type": "Number"
                }
            ],
            "class": "p5.play",
            "module": "p5.play",
            "submodule": "p5.play"
        },
        {
            "file": "lib/p5.play.js",
            "line": 244,
            "description": "Detects if a key was pressed during the last cycle.\nIt can be used to trigger events once, when a key is pressed or released.\nExample: Super Mario jumping.",
            "itemtype": "method",
            "name": "keyWentDown",
            "params": [
                {
                    "name": "key",
                    "description": "Key code or character",
                    "type": "Number|String"
                }
            ],
            "return": {
                "description": "True if the key was pressed",
                "type": "Boolean"
            },
            "class": "p5.play",
            "module": "p5.play",
            "submodule": "p5.play"
        },
        {
            "file": "lib/p5.play.js",
            "line": 274,
            "description": "Detects if a key was released during the last cycle.\nIt can be used to trigger events once, when a key is pressed or released.\nExample: Spaceship shooting.",
            "itemtype": "method",
            "name": "keyWentUp",
            "params": [
                {
                    "name": "key",
                    "description": "Key code or character",
                    "type": "Number|String"
                }
            ],
            "return": {
                "description": "True if the key was released",
                "type": "Boolean"
            },
            "class": "p5.play",
            "module": "p5.play",
            "submodule": "p5.play"
        },
        {
            "file": "lib/p5.play.js",
            "line": 304,
            "description": "Detects if a key is currently pressed\nLike p5 keyIsDown but accepts strings and codes",
            "itemtype": "method",
            "name": "keyDown",
            "params": [
                {
                    "name": "key",
                    "description": "Key code or character",
                    "type": "Number|String"
                }
            ],
            "return": {
                "description": "True if the key is down",
                "type": "Boolean"
            },
            "class": "p5.play",
            "module": "p5.play",
            "submodule": "p5.play"
        },
        {
            "file": "lib/p5.play.js",
            "line": 333,
            "description": "Detects if a mouse button is currently down\nCombines mouseIsPressed and mouseButton of p5",
            "itemtype": "method",
            "name": "mouseDown",
            "params": [
                {
                    "name": "button",
                    "description": "Mouse button constant LEFT, RIGHT or CENTER",
                    "type": "Number"
                }
            ],
            "return": {
                "description": "True if the button is down",
                "type": "Boolean"
            },
            "class": "p5.play",
            "module": "p5.play",
            "submodule": "p5.play"
        },
        {
            "file": "lib/p5.play.js",
            "line": 360,
            "description": "Detects if a mouse button is currently up\nCombines mouseIsPressed and mouseButton of p5",
            "itemtype": "method",
            "name": "mouseUp",
            "params": [
                {
                    "name": "button",
                    "description": "Mouse button constant LEFT, RIGHT or CENTER",
                    "type": "Number"
                }
            ],
            "return": {
                "description": "True if the button is up",
                "type": "Boolean"
            },
            "class": "p5.play",
            "module": "p5.play",
            "submodule": "p5.play"
        },
        {
            "file": "lib/p5.play.js",
            "line": 387,
            "description": "Detects if a mouse button was released during the last cycle.\nIt can be used to trigger events once, to be checked in the draw cycle",
            "itemtype": "method",
            "name": "mouseWentUp",
            "params": [
                {
                    "name": "button",
                    "description": "Mouse button constant LEFT, RIGHT or CENTER",
                    "type": "Number"
                }
            ],
            "return": {
                "description": "True if the button was just released",
                "type": "Boolean"
            },
            "class": "p5.play",
            "module": "p5.play",
            "submodule": "p5.play"
        },
        {
            "file": "lib/p5.play.js",
            "line": 415,
            "description": "Detects if a mouse button was pressed during the last cycle.\nIt can be used to trigger events once, to be checked in the draw cycle",
            "itemtype": "method",
            "name": "mouseWentDown",
            "params": [
                {
                    "name": "button",
                    "description": "Mouse button constant LEFT, RIGHT or CENTER",
                    "type": "Number"
                }
            ],
            "return": {
                "description": "True if the button was just pressed",
                "type": "Boolean"
            },
            "class": "p5.play",
            "module": "p5.play",
            "submodule": "p5.play"
        },
        {
            "file": "lib/p5.play.js",
            "line": 443,
            "description": "An object storing all useful keys for easy access\nKey.tab = 9",
            "itemtype": "property",
            "name": "KEY",
            "type": "{Group}",
            "class": "p5.play",
            "module": "p5.play",
            "submodule": "p5.play"
        },
        {
            "file": "lib/p5.play.js",
            "line": 584,
            "description": "Turns the quadTree on or off.\nA quadtree is a data structure used to optimize collision detection.\nIt can improve performance when there is a large number of Sprites to be\nchecked continuously for overlapping.\n\np5.play will create and update a quadtree automatically.",
            "itemtype": "method",
            "name": "useQuadTree",
            "params": [
                {
                    "name": "use",
                    "description": "Pass true to enable, false to disable",
                    "type": "Boolean"
                }
            ],
            "class": "p5.play",
            "module": "p5.play",
            "submodule": "p5.play"
        },
        {
            "file": "lib/p5.play.js",
            "line": 656,
            "description": "The sprite's position of the sprite as a vector (x,y).",
            "itemtype": "property",
            "name": "position",
            "type": "{p5.Vector}",
            "class": "Sprite",
            "module": "p5.play",
            "submodule": "p5.play"
        },
        {
            "file": "lib/p5.play.js",
            "line": 663,
            "description": "The sprite's position at the beginning of the last update as a vector (x,y).",
            "itemtype": "property",
            "name": "previousPosition",
            "type": "{p5.Vector}",
            "class": "Sprite",
            "module": "p5.play",
            "submodule": "p5.play"
        },
        {
            "file": "lib/p5.play.js",
            "line": 681,
            "description": "The sprite's velocity as a vector (x,y)\nVelocity is speed broken down to its vertical and horizontal components.",
            "itemtype": "property",
            "name": "velocity",
            "type": "{p5.Vector}",
            "class": "Sprite",
            "module": "p5.play",
            "submodule": "p5.play"
        },
        {
            "file": "lib/p5.play.js",
            "line": 690,
            "description": "Set a limit to the sprite's scalar speed regardless of the direction.\nThe value can only be positive. If set to -1, there's no limit.",
            "itemtype": "property",
            "name": "maxSpeed",
            "type": "{Number}",
            "default": "-1",
            "class": "Sprite",
            "module": "p5.play",
            "submodule": "p5.play"
        },
        {
            "file": "lib/p5.play.js",
            "line": 700,
            "description": "Friction factor, reduces the sprite's velocity.\nThe friction should be close to 1 (eg. 0.99)\n1: no friction",
            "itemtype": "property",
            "name": "friction",
            "type": "{Number}",
            "default": "-1",
            "class": "Sprite",
            "module": "p5.play",
            "submodule": "p5.play"
        },
        {
            "file": "lib/p5.play.js",
            "line": 711,
            "description": "The sprite's current collider.\nIt can either be an Axis Aligned Bounding Box (a non-rotated rectangle)\nor a circular collider.\nIf the sprite is checked for collision, bounce, overlapping or mouse events the\ncollider is automatically created from the width and height parameter passed at the\ncreation of the sprite or the from the image dimension in case of animate sprites\n\nYou can set a custom collider with Sprite.setCollider",
            "itemtype": "property",
            "name": "collider",
            "type": "{Object}",
            "class": "Sprite",
            "module": "p5.play",
            "submodule": "p5.play"
        },
        {
            "file": "lib/p5.play.js",
            "line": 732,
            "description": "Object containing information about the most recent collision/overlapping\nTo be typically used in combination with Sprite.overlap or Sprite.collide\nfunctions.\nThe properties are touching.left, touching.right, touching.top,\ntouching.bottom and are either true or false depending on the side of the\ncollider.",
            "itemtype": "property",
            "name": "touching",
            "type": "{Object}",
            "class": "Sprite",
            "module": "p5.play",
            "submodule": "p5.play"
        },
        {
            "file": "lib/p5.play.js",
            "line": 749,
            "description": "The mass determines the velocity transfer when sprites bounce\nagainst each other. See Sprite.bounce\nThe higher the mass the least the sprite will be affected by collisions.",
            "itemtype": "property",
            "name": "mass",
            "type": "{Number}",
            "default": "1",
            "class": "Sprite",
            "module": "p5.play",
            "submodule": "p5.play"
        },
        {
            "file": "lib/p5.play.js",
            "line": 760,
            "description": "If set to true the sprite won't bounce or be displaced by collisions\nSimulates an infinite mass or an anchored object.",
            "itemtype": "property",
            "name": "immovable",
            "type": "{Boolean}",
            "default": "false",
            "class": "Sprite",
            "module": "p5.play",
            "submodule": "p5.play"
        },
        {
            "file": "lib/p5.play.js",
            "line": 773,
            "description": "Coefficient of restitution. The velocity lost after bouncing.\n1: perfectly elastic, no energy is lost\n0: perfectly inelastic, no bouncing\n<1: inelastic, this is the most common in nature\n>1: hyper elastic, energy is increased like in a pinball bumper",
            "itemtype": "property",
            "name": "restitution",
            "type": "{Number}",
            "default": "1",
            "class": "Sprite",
            "module": "p5.play",
            "submodule": "p5.play"
        },
        {
            "file": "lib/p5.play.js",
            "line": 786,
            "description": "Rotation in degrees of the visual element (image or animation)\nNote: this is not the movement's direction, see getDirection.",
            "itemtype": "property",
            "name": "rotation",
            "type": "{Number}",
            "default": "0",
            "class": "Sprite",
            "module": "p5.play",
            "submodule": "p5.play"
        },
        {
            "file": "lib/p5.play.js",
            "line": 796,
            "description": "Rotation change in degrees per frame of thevisual element (image or animation)\nNote: this is not the movement's direction, see getDirection.",
            "itemtype": "property",
            "name": "rotationSpeed",
            "type": "{Number}",
            "default": "0",
            "class": "Sprite",
            "module": "p5.play",
            "submodule": "p5.play"
        },
        {
            "file": "lib/p5.play.js",
            "line": 807,
            "description": "Automatically set the rotation of the visual element\n(image or animation) to the sprite's movement direction.",
            "itemtype": "property",
            "name": "rotateToDirection",
            "type": "{Boolean}",
            "default": "false",
            "class": "Sprite",
            "module": "p5.play",
            "submodule": "p5.play"
        },
        {
            "file": "lib/p5.play.js",
            "line": 818,
            "description": "Determines the rendering order within a group: a sprite with\nlower depth will appear below the ones with higher depth.\n\nNote: drawing a group before another with drawSprites will make\nits members appear below the second one, like in normal p5 canvas\ndrawing.",
            "itemtype": "property",
            "name": "depth",
            "type": "{Number}",
            "default": "0",
            "class": "Sprite",
            "module": "p5.play",
            "submodule": "p5.play"
        },
        {
            "file": "lib/p5.play.js",
            "line": 832,
            "description": "Determines the sprite's scale.\nExample: 2 will be twice the native size of the visuals,\n0.5 will be half. Scaling up may make images blurry.",
            "itemtype": "property",
            "name": "scale",
            "type": "{Number}",
            "default": "1",
            "class": "Sprite",
            "module": "p5.play",
            "submodule": "p5.play"
        },
        {
            "file": "lib/p5.play.js",
            "line": 846,
            "description": "The sprite's visibility.",
            "itemtype": "property",
            "name": "visible",
            "type": "{Boolean}",
            "default": "true",
            "class": "Sprite",
            "module": "p5.play",
            "submodule": "p5.play"
        },
        {
            "file": "lib/p5.play.js",
            "line": 855,
            "description": "If set to true sprite will track its mouse state.\nthe properties mouseIsPressed and mouseIsOver will be updated.\nNote: automatically set to true if the functions\nonMouseReleased or onMousePressed are set.",
            "itemtype": "property",
            "name": "mouseActive",
            "type": "{Boolean}",
            "default": "false",
            "class": "Sprite",
            "module": "p5.play",
            "submodule": "p5.play"
        },
        {
            "file": "lib/p5.play.js",
            "line": 867,
            "description": "True if mouse is on the sprite's collider.\nRead only.",
            "itemtype": "property",
            "name": "mouseIsOver",
            "type": "{Boolean}",
            "class": "Sprite",
            "module": "p5.play",
            "submodule": "p5.play"
        },
        {
            "file": "lib/p5.play.js",
            "line": 876,
            "description": "True if mouse is pressed on the sprite's collider.\nRead only.",
            "itemtype": "property",
            "name": "mouseIsPressed",
            "type": "{Boolean}",
            "class": "Sprite",
            "module": "p5.play",
            "submodule": "p5.play"
        },
        {
            "file": "lib/p5.play.js",
            "line": 885,
            "description": "Width of the sprite's current image.\nIf no images or animations are set it's the width of the\nplaceholder rectangle.",
            "itemtype": "property",
            "name": "width",
            "type": "{Number}",
            "default": "100",
            "class": "Sprite",
            "module": "p5.play",
            "submodule": "p5.play"
        },
        {
            "file": "lib/p5.play.js",
            "line": 899,
            "description": "Height of the sprite's current image.\nIf no images or animations are set it's the height of the\nplaceholder rectangle.",
            "itemtype": "property",
            "name": "height",
            "type": "{Number}",
            "default": "100",
            "class": "Sprite",
            "module": "p5.play",
            "submodule": "p5.play"
        },
        {
            "file": "lib/p5.play.js",
            "line": 913,
            "description": "Unscaled width of the sprite\nIf no images or animations are set it's the width of the\nplaceholder rectangle.",
            "itemtype": "property",
            "name": "originalWidth",
            "type": "{Number}",
            "default": "100",
            "class": "Sprite",
            "module": "p5.play",
            "submodule": "p5.play"
        },
        {
            "file": "lib/p5.play.js",
            "line": 924,
            "description": "Unscaled height of the sprite\nIf no images or animations are set it's the height of the\nplaceholder rectangle.",
            "itemtype": "property",
            "name": "originalHeight",
            "type": "{Number}",
            "default": "100",
            "class": "Sprite",
            "module": "p5.play",
            "submodule": "p5.play"
        },
        {
            "file": "lib/p5.play.js",
            "line": 935,
            "description": "False if the sprite has been removed.",
            "itemtype": "property",
            "name": "removed",
            "type": "{Boolean}",
            "class": "Sprite",
            "module": "p5.play",
            "submodule": "p5.play"
        },
        {
            "file": "lib/p5.play.js",
            "line": 943,
            "description": "Cycles before self removal.\nSet it to initiate a countdown, every draw cycle the property is\nreduced by 1 unit. At 0 it will call a sprite.remove()\nDisabled if set to -1.",
            "itemtype": "property",
            "name": "removed",
            "type": "{Number}",
            "default": "-1",
            "class": "Sprite",
            "module": "p5.play",
            "submodule": "p5.play"
        },
        {
            "file": "lib/p5.play.js",
            "line": 955,
            "description": "If set to true, draws an outline of the collider, the depth, and center.",
            "itemtype": "property",
            "name": "debug",
            "type": "{Boolean}",
            "default": "false",
            "class": "Sprite",
            "module": "p5.play",
            "submodule": "p5.play"
        },
        {
            "file": "lib/p5.play.js",
            "line": 964,
            "description": "If no image or animations are set this is color of the\nplaceholder rectangle",
            "itemtype": "property",
            "name": "shapeColor",
            "type": "{color}",
            "class": "Sprite",
            "module": "p5.play",
            "submodule": "p5.play"
        },
        {
            "file": "lib/p5.play.js",
            "line": 973,
            "description": "Groups the sprite belongs to, including allSprites",
            "itemtype": "property",
            "name": "groups",
            "type": "{Array}",
            "class": "Sprite",
            "module": "p5.play",
            "submodule": "p5.play"
        },
        {
            "file": "lib/p5.play.js",
            "line": 986,
            "description": "Reference to the current animation.",
            "itemtype": "property",
            "name": "animation",
            "type": "{Animation}",
            "class": "Sprite",
            "module": "p5.play",
            "submodule": "p5.play"
        },
        {
            "file": "lib/p5.play.js",
            "line": 994,
            "description": "Updates the sprite.\nCalled automatically at the beginning of the draw cycle.",
            "itemtype": "method",
            "name": "update",
            "class": "Sprite",
            "module": "p5.play",
            "submodule": "p5.play"
        },
        {
            "file": "lib/p5.play.js",
            "line": 1139,
            "description": "Creates a default collider matching the size of the\nplaceholder rectangle or the bounding box of the image.",
            "class": "Sprite",
            "module": "p5.play",
            "submodule": "p5.play"
        },
        {
            "file": "lib/p5.play.js",
            "line": 1171,
            "description": "Updates the sprite mouse states and triggers the mouse events:\nonMouseOver, onMouseOut, onMousePressed, onMouseReleased",
            "class": "Sprite",
            "module": "p5.play",
            "submodule": "p5.play"
        },
        {
            "file": "lib/p5.play.js",
            "line": 1242,
            "description": "Sets a collider for the sprite.\n\nIn p5.play a Collider is an invisible circle or rectangle\nthat can have any size or position relative to the sprite and which\nwill be used to detect collisions and overlapping with other sprites,\nor the mouse cursor.\n\nIf the sprite is checked for collision, bounce, overlapping or mouse events a\ncollider is automatically created from the width and height parameter passed at the\ncreation of the sprite or the from the image dimension in case of animate sprites.\n\nOften the image bounding box is not appropriate as active area for\na collision detection so you can set a circular or rectangular sprite with different\ndimensions and offset from the sprite's center.\n\nsetCollider",
            "itemtype": "method",
            "name": "setCollider",
            "params": [
                {
                    "name": "type",
                    "description": "Either \"rectangle\" or \"circle\"",
                    "type": "String"
                },
                {
                    "name": "offsetX",
                    "description": "Collider x position from the center of the sprite",
                    "type": "Number"
                },
                {
                    "name": "offsetY",
                    "description": "Collider y position from the center of the sprite",
                    "type": "Number"
                },
                {
                    "name": "width",
                    "description": "Collider width or radius",
                    "type": "Number"
                },
                {
                    "name": "height",
                    "description": "Collider height",
                    "type": "Number"
                }
            ],
            "class": "Sprite",
            "module": "p5.play",
            "submodule": "p5.play"
        },
        {
            "file": "lib/p5.play.js",
            "line": 1287,
            "description": "Returns a the bounding box of the current image",
            "class": "Sprite",
            "module": "p5.play",
            "submodule": "p5.play"
        },
        {
            "file": "lib/p5.play.js",
            "line": 1306,
            "description": "Sets the sprite's horizontal mirroring.\nIf 1 the images displayed normally\nIf -1 the images are flipped horizontally\nIf no argument returns the current x mirroring",
            "itemtype": "method",
            "name": "mirrorX",
            "params": [
                {
                    "name": "dir",
                    "description": "Either 1 or -1",
                    "type": "Number"
                }
            ],
            "return": {
                "description": "Current mirroring if no parameter is specified",
                "type": "Number"
            },
            "class": "Sprite",
            "module": "p5.play",
            "submodule": "p5.play"
        },
        {
            "file": "lib/p5.play.js",
            "line": 1323,
            "description": "Sets the sprite's vertical mirroring.\nIf 1 the images displayed normally\nIf -1 the images are flipped vertically\nIf no argument returns the current y mirroring",
            "itemtype": "method",
            "name": "mirrorY",
            "params": [
                {
                    "name": "dir",
                    "description": "Either 1 or -1",
                    "type": "Number"
                }
            ],
            "return": {
                "description": "Current mirroring if no parameter is specified",
                "type": "Number"
            },
            "class": "Sprite",
            "module": "p5.play",
            "submodule": "p5.play"
        },
        {
            "file": "lib/p5.play.js",
            "line": 1341,
            "description": "Manages the positioning, scale and rotation of the sprite\nCalled automatically, it should not be overridden",
            "class": "Sprite",
            "module": "p5.play",
            "submodule": "p5.play"
        },
        {
            "file": "lib/p5.play.js",
            "line": 1394,
            "description": "Manages the visuals of the sprite.\nIt can be overridden with a custom drawing function.\nThe 0,0 point will be the center of the sprite.\nExample:\nsprite.draw = function() { ellipse(0,0,10,10) }\nWill display the sprite as circle.",
            "itemtype": "method",
            "name": "draw",
            "class": "Sprite",
            "module": "p5.play",
            "submodule": "p5.play"
        },
        {
            "file": "lib/p5.play.js",
            "line": 1419,
            "description": "Removes the Sprite from the sketch.\nThe removed Sprite won't be drawn or updated anymore.",
            "itemtype": "method",
            "name": "remove",
            "class": "Sprite",
            "module": "p5.play",
            "submodule": "p5.play"
        },
        {
            "file": "lib/p5.play.js",
            "line": 1437,
            "description": "Sets the velocity vector.",
            "itemtype": "method",
            "name": "setVelocity",
            "params": [
                {
                    "name": "x",
                    "description": "X component",
                    "type": "Number"
                },
                {
                    "name": "x",
                    "description": "Y component",
                    "type": "Number"
                }
            ],
            "class": "Sprite",
            "module": "p5.play",
            "submodule": "p5.play"
        },
        {
            "file": "lib/p5.play.js",
            "line": 1449,
            "description": "Calculates the scalar speed.",
            "itemtype": "method",
            "name": "setVelocity",
            "return": {
                "description": "Scalar speed",
                "type": "Number"
            },
            "class": "Sprite",
            "module": "p5.play",
            "submodule": "p5.play"
        },
        {
            "file": "lib/p5.play.js",
            "line": 1459,
            "description": "Calculates the movement's direction in degrees.",
            "itemtype": "method",
            "name": "getDirection",
            "return": {
                "description": "Angle in degrees",
                "type": "Number"
            },
            "class": "Sprite",
            "module": "p5.play",
            "submodule": "p5.play"
        },
        {
            "file": "lib/p5.play.js",
            "line": 1474,
            "description": "Adds the sprite to an existing group",
            "itemtype": "method",
            "name": "addToGroup",
            "params": [
                {
                    "name": "group",
                    "description": "",
                    "type": "Object"
                }
            ],
            "class": "Sprite",
            "module": "p5.play",
            "submodule": "p5.play"
        },
        {
            "file": "lib/p5.play.js",
            "line": 1487,
            "description": "Limits the scalar speed.",
            "itemtype": "method",
            "name": "limitSpeed",
            "params": [
                {
                    "name": "max",
                    "description": "Max speed: positive number",
                    "type": "Number"
                }
            ],
            "class": "Sprite",
            "module": "p5.play",
            "submodule": "p5.play"
        },
        {
            "file": "lib/p5.play.js",
            "line": 1507,
            "description": "Set the speed and direction of the sprite.\nThe action overwrites the current velocity.",
            "itemtype": "method",
            "name": "setSpeed",
            "params": [
                {
                    "name": "speed",
                    "description": "Scalar speed to add",
                    "type": "Number"
                },
                {
                    "name": "angle",
                    "description": "Direction in degrees",
                    "type": "Number"
                }
            ],
            "class": "Sprite",
            "module": "p5.play",
            "submodule": "p5.play"
        },
        {
            "file": "lib/p5.play.js",
            "line": 1521,
            "description": "Pushes the sprite in a direction defined by an angle.\nThe force is added to the current velocity.",
            "itemtype": "method",
            "name": "addSpeed",
            "params": [
                {
                    "name": "speed",
                    "description": "Scalar speed to add",
                    "type": "Number"
                },
                {
                    "name": "angle",
                    "description": "Direction in degrees",
                    "type": "Number"
                }
            ],
            "class": "Sprite",
            "module": "p5.play",
            "submodule": "p5.play"
        },
        {
            "file": "lib/p5.play.js",
            "line": 1535,
            "description": "Pushes the sprite toward a point.\nThe force is added to the current velocity.",
            "itemtype": "method",
            "name": "attractionPoint",
            "params": [
                {
                    "name": "magnitude",
                    "description": "Scalar speed to add",
                    "type": "Number"
                },
                {
                    "name": "pointX",
                    "description": "Direction x coordinate",
                    "type": "Number"
                },
                {
                    "name": "pointY",
                    "description": "Direction y coordinate",
                    "type": "Number"
                }
            ],
            "class": "Sprite",
            "module": "p5.play",
            "submodule": "p5.play"
        },
        {
            "file": "lib/p5.play.js",
            "line": 1551,
            "description": "Adds an image to the sprite.\nAn image will be considered a one-frame animation.\nThe image should be preloaded in the preload() function using p5 loadImage.\nAnimations require a identifying label (string) to change them.\nThe image is stored in the sprite but not necessarily displayed\nuntil Sprite.changeAnimation(label) is called\n\nUsages:\n- sprite.addImage(label, image);\n- sprite.addImage(image);\n\nIf only an image is passed no label is specified",
            "itemtype": "method",
            "name": "addImage",
            "params": [
                {
                    "name": "label",
                    "description": "Label or image",
                    "type": "String|p5.Image"
                },
                {
                    "name": "img",
                    "description": "Image",
                    "type": "p5.Image",
                    "optional": true
                }
            ],
            "class": "Sprite",
            "module": "p5.play",
            "submodule": "p5.play"
        },
        {
            "file": "lib/p5.play.js",
            "line": 1579,
            "description": "Adds an animation to the sprite.\nThe animation should be preloaded in the preload() function\nusing loadAnimation.\nAnimations require a identifying label (string) to change them.\nAnimations are stored in the sprite but not necessarily displayed\nuntil Sprite.changeAnimation(label) is called.\n\nUsage:\n- sprite.addAnimation(label, animation);\n\nAlternative usages. See Animation for more information on file sequences:\n- sprite.addAnimation(label, firstFrame, lastFrame);\n- sprite.addAnimation(label, frame1, frame2, frame3...);",
            "itemtype": "method",
            "name": "addAnimation",
            "params": [
                {
                    "name": "label",
                    "description": "Animation identifier",
                    "type": "String"
                },
                {
                    "name": "animation",
                    "description": "The preloaded animation",
                    "type": "Animation"
                }
            ],
            "class": "Sprite",
            "module": "p5.play",
            "submodule": "p5.play"
        },
        {
            "file": "lib/p5.play.js",
            "line": 1651,
            "description": "Changes the displayed image/animation.\nEquivalent to changeAnimation",
            "itemtype": "method",
            "name": "changeImage",
            "params": [
                {
                    "name": "label",
                    "description": "Image/Animation identifier",
                    "type": "String"
                }
            ],
            "class": "Sprite",
            "module": "p5.play",
            "submodule": "p5.play"
        },
        {
            "file": "lib/p5.play.js",
            "line": 1662,
            "description": "Returns the label of the current animation",
            "itemtype": "method",
            "name": "getAnimationLabel",
            "return": {
                "description": "label Image/Animation identifier",
                "type": "String"
            },
            "class": "Sprite",
            "module": "p5.play",
            "submodule": "p5.play"
        },
        {
            "file": "lib/p5.play.js",
            "line": 1672,
            "description": "Changes the displayed animation.\nSee Animation for more control over the sequence.",
            "itemtype": "method",
            "name": "changeAnimation",
            "params": [
                {
                    "name": "label",
                    "description": "Animation identifier",
                    "type": "String"
                }
            ],
            "class": "Sprite",
            "module": "p5.play",
            "submodule": "p5.play"
        },
        {
            "file": "lib/p5.play.js",
            "line": 1689,
            "description": "Checks if the given point corresponds to a transparent pixel\nin the sprite's current image. It can be used to check a point collision\nagainst only the visible part of the sprite.",
            "itemtype": "method",
            "name": "overlapPixel",
            "params": [
                {
                    "name": "pointX",
                    "description": "x coordinate of the point to check",
                    "type": "Number"
                },
                {
                    "name": "pointY",
                    "description": "y coordinate of the point to check",
                    "type": "Number"
                }
            ],
            "return": {
                "description": "result True if non-transparent",
                "type": "Boolean"
            },
            "class": "Sprite",
            "module": "p5.play",
            "submodule": "p5.play"
        },
        {
            "file": "lib/p5.play.js",
            "line": 1726,
            "description": "Checks if the given point is inside the sprite's collider.",
            "itemtype": "method",
            "name": "overlapPoint",
            "params": [
                {
                    "name": "pointX",
                    "description": "x coordinate of the point to check",
                    "type": "Number"
                },
                {
                    "name": "pointY",
                    "description": "y coordinate of the point to check",
                    "type": "Number"
                }
            ],
            "return": {
                "description": "result True if inside",
                "type": "Boolean"
            },
            "class": "Sprite",
            "module": "p5.play",
            "submodule": "p5.play"
        },
        {
            "file": "lib/p5.play.js",
            "line": 1759,
            "description": "Checks if the the sprite is overlapping another sprite or a group.\nThe check is performed using the colliders. If colliders are not set\nthey will be created automatically from the image/animation bounding box.\n\nA callback function can be specified to perform additional operations\nwhen the overlap occours.\nIf the target is a group the function will be called for each single\nsprite overlapping. The parameter of the function are respectively the\ncurrent sprite and the colliding sprite.",
            "example": [
                "\n<code>\nsprite.overlap(otherSprite, explosion);\n\nfunction explosion(spriteA, spriteB) {\nspriteA.remove();\nspriteB.score++;\n}\n</code>"
            ],
            "itemtype": "method",
            "name": "overlap",
            "params": [
                {
                    "name": "target",
                    "description": "Sprite or group to check against the current one",
                    "type": "Object"
                },
                {
                    "name": "callback",
                    "description": "The function to be called if overlap is positive",
                    "type": "Function",
                    "optional": true
                }
            ],
            "return": {
                "description": "True if overlapping",
                "type": "Boolean"
            },
            "class": "Sprite",
            "module": "p5.play",
            "submodule": "p5.play"
        },
        {
            "file": "lib/p5.play.js",
            "line": 1790,
            "description": "Checks if the the sprite is overlapping another sprite or a group.\nIf the overlap is positive the current sprite will be displace by\nthe colliding one in the closest non-overlapping position.\n\nThe check is performed using the colliders. If colliders are not set\nthey will be created automatically from the image/animation bounding box.\n\nA callback function can be specified to perform additional operations\nwhen the collision occours.\nIf the target is a group the function will be called for each single\nsprite colliding. The parameter of the function are respectively the\ncurrent sprite and the colliding sprite.",
            "example": [
                "\n<code>\nsprite.collide(otherSprite, explosion);\n\nfunction explosion(spriteA, spriteB) {\nspriteA.remove();\nspriteB.score++;\n}\n</code>"
            ],
            "itemtype": "method",
            "name": "collide",
            "params": [
                {
                    "name": "target",
                    "description": "Sprite or group to check against the current one",
                    "type": "Object"
                },
                {
                    "name": "callback",
                    "description": "The function to be called if overlap is positive",
                    "type": "Function",
                    "optional": true
                }
            ],
            "return": {
                "description": "True if overlapping",
                "type": "Boolean"
            },
            "class": "Sprite",
            "module": "p5.play",
            "submodule": "p5.play"
        },
        {
            "file": "lib/p5.play.js",
            "line": 1824,
            "description": "Checks if the the sprite is overlapping another sprite or a group.\nIf the overlap is positive the current sprite will displace\nthe colliding one to the closest non-overlapping position.\n\nThe check is performed using the colliders. If colliders are not set\nthey will be created automatically from the image/animation bounding box.\n\nA callback function can be specified to perform additional operations\nwhen the collision occours.\nIf the target is a group the function will be called for each single\nsprite colliding. The parameter of the function are respectively the\ncurrent sprite and the colliding sprite.",
            "example": [
                "\n<code>\nsprite.displace(otherSprite, explosion);\n\nfunction explosion(spriteA, spriteB) {\nspriteA.remove();\nspriteB.score++;\n}\n</code>"
            ],
            "itemtype": "method",
            "name": "displace",
            "params": [
                {
                    "name": "target",
                    "description": "Sprite or group to check against the current one",
                    "type": "Object"
                },
                {
                    "name": "callback",
                    "description": "The function to be called if overlap is positive",
                    "type": "Function",
                    "optional": true
                }
            ],
            "return": {
                "description": "True if overlapping",
                "type": "Boolean"
            },
            "class": "Sprite",
            "module": "p5.play",
            "submodule": "p5.play"
        },
        {
            "file": "lib/p5.play.js",
            "line": 1857,
            "description": "Checks if the the sprite is overlapping another sprite or a group.\nIf the overlap is positive the sprites will bounce affecting each\nother's trajectories depending on their .velocity, .mass and .restitution\n\nThe check is performed using the colliders. If colliders are not set\nthey will be created automatically from the image/animation bounding box.\n\nA callback function can be specified to perform additional operations\nwhen the collision occours.\nIf the target is a group the function will be called for each single\nsprite colliding. The parameter of the function are respectively the\ncurrent sprite and the colliding sprite.",
            "example": [
                "\n<code>\nsprite.bounce(otherSprite, explosion);\n\nfunction explosion(spriteA, spriteB) {\nspriteA.remove();\nspriteB.score++;\n}\n</code>"
            ],
            "itemtype": "method",
            "name": "bounce",
            "params": [
                {
                    "name": "target",
                    "description": "Sprite or group to check against the current one",
                    "type": "Object"
                },
                {
                    "name": "callback",
                    "description": "The function to be called if overlap is positive",
                    "type": "Function",
                    "optional": true
                }
            ],
            "return": {
                "description": "True if overlapping",
                "type": "Boolean"
            },
            "class": "Sprite",
            "module": "p5.play",
            "submodule": "p5.play"
        },
        {
            "file": "lib/p5.play.js",
            "line": 1890,
            "description": "Internal collision detection function. Do not use directly.",
            "class": "Sprite",
            "module": "p5.play",
            "submodule": "p5.play"
        },
        {
            "file": "lib/p5.play.js",
            "line": 2151,
            "description": "The sketch camera automatically created at the beginning of a sketch.\nA camera facilitates scrolling and zooming for scenes extending beyond\nthe canvas. A camera has a position, a zoom factor, and the mouse\ncoordinates relative to the view.\n\nIn p5.js terms the camera wraps the whole drawing cycle in a\ntransformation matrix but it can be disable anytime during the draw\ncycle for example to draw interface elements in an absolute position.",
            "itemtype": "property",
            "name": "camera",
            "type": "{camera}",
            "class": "Sprite",
            "module": "p5.play",
            "submodule": "p5.play"
        },
        {
            "file": "lib/p5.play.js",
            "line": 2185,
            "description": "Camera position. Defines the global offset of the sketch.",
            "itemtype": "property",
            "name": "position",
            "type": "{p5.Vector}",
            "class": "Camera",
            "module": "p5.play",
            "submodule": "p5.play"
        },
        {
            "file": "lib/p5.play.js",
            "line": 2193,
            "description": "Camera zoom. Defines the global scale of the sketch.\nA scale of 1 will be the normal size. Setting it to 2 will make everything\ntwice the size. .5 will make everything half size.",
            "itemtype": "property",
            "name": "zoom",
            "type": "{Number}",
            "class": "Camera",
            "module": "p5.play",
            "submodule": "p5.play"
        },
        {
            "file": "lib/p5.play.js",
            "line": 2203,
            "description": "MouseX translated to the camera view.\nOffsetting and scaling the canvas will not change the sprites' position\nnor the mouseX and mouseY variables. Use this property to read the mouse\nposition if the camera moved or zoomed.",
            "itemtype": "property",
            "name": "mouseX",
            "type": "{Number}",
            "class": "Camera",
            "module": "p5.play",
            "submodule": "p5.play"
        },
        {
            "file": "lib/p5.play.js",
            "line": 2214,
            "description": "MouseY translated to the camera view.\nOffsetting and scaling the canvas will not change the sprites' position\nnor the mouseX and mouseY variables. Use this property to read the mouse\nposition if the camera moved or zoomed.",
            "itemtype": "property",
            "name": "mouseY",
            "type": "{Number}",
            "class": "Camera",
            "module": "p5.play",
            "submodule": "p5.play"
        },
        {
            "file": "lib/p5.play.js",
            "line": 2225,
            "description": "True if the camera is active.\nRead only property. Use the methods Camera.on() and Camera.off()\nto enable or disable the camera.",
            "itemtype": "property",
            "name": "active",
            "type": "{Boolean}",
            "class": "Camera",
            "module": "p5.play",
            "submodule": "p5.play"
        },
        {
            "file": "lib/p5.play.js",
            "line": 2235,
            "description": "Activates the camera.\nThe canvas will be drawn according to the camera position and scale until\nCamera.off() is called",
            "itemtype": "method",
            "name": "on",
            "class": "Camera",
            "module": "p5.play",
            "submodule": "p5.play"
        },
        {
            "file": "lib/p5.play.js",
            "line": 2250,
            "description": "Deactivates the camera.\nThe canvas will be drawn normally, ignoring the camera's position\nand scale until Camera.on() is called",
            "itemtype": "method",
            "name": "off",
            "class": "Camera",
            "module": "p5.play",
            "submodule": "p5.play"
        },
        {
            "file": "lib/p5.play.js",
            "line": 2324,
            "description": "Gets the member at index i.",
            "itemtype": "method",
            "name": "get",
            "params": [
                {
                    "name": "i",
                    "description": "The index of the object to retrieve",
                    "type": "Number"
                }
            ],
            "class": "Group",
            "module": "p5.play",
            "submodule": "p5.play"
        },
        {
            "file": "lib/p5.play.js",
            "line": 2334,
            "description": "Checks if the group contains a sprite.",
            "itemtype": "method",
            "name": "contains",
            "params": [
                {
                    "name": "sprite",
                    "description": "The sprite to search",
                    "type": "Sprite"
                }
            ],
            "return": {
                "description": "Index or -1 if not found",
                "type": "Number"
            },
            "class": "Group",
            "module": "p5.play",
            "submodule": "p5.play"
        },
        {
            "file": "lib/p5.play.js",
            "line": 2345,
            "description": "Same as Group.contains",
            "class": "Group",
            "module": "p5.play",
            "submodule": "p5.play"
        },
        {
            "file": "lib/p5.play.js",
            "line": 2357,
            "description": "Adds a sprite to the group.",
            "itemtype": "method",
            "name": "add",
            "params": [
                {
                    "name": "sprite",
                    "description": "The sprite to be added",
                    "type": "Sprite"
                }
            ],
            "class": "Group",
            "module": "p5.play",
            "submodule": "p5.play"
        },
        {
            "file": "lib/p5.play.js",
            "line": 2376,
            "description": "Same as group.length",
            "class": "Group",
            "module": "p5.play",
            "submodule": "p5.play"
        },
        {
            "file": "lib/p5.play.js",
            "line": 2383,
            "description": "Removes all the sprites in the group\nfrom the scene.",
            "itemtype": "method",
            "name": "clear",
            "class": "Group",
            "module": "p5.play",
            "submodule": "p5.play"
        },
        {
            "file": "lib/p5.play.js",
            "line": 2397,
            "description": "Removes all references to the group.\nDoes not remove the actual sprites.",
            "itemtype": "method",
            "name": "clear",
            "class": "Group",
            "module": "p5.play",
            "submodule": "p5.play"
        },
        {
            "file": "lib/p5.play.js",
            "line": 2407,
            "description": "Removes a sprite from the group.\nDoes not remove the actual sprite, only the affiliation (reference).",
            "itemtype": "method",
            "name": "remove",
            "params": [
                {
                    "name": "sprite",
                    "description": "The sprite to be removed",
                    "type": "Sprite"
                }
            ],
            "return": {
                "description": "True if sprite was found and removed",
                "type": "Boolean"
            },
            "class": "Group",
            "module": "p5.play",
            "submodule": "p5.play"
        },
        {
            "file": "lib/p5.play.js",
            "line": 2428,
            "description": "Returns a copy of the group as standard array.",
            "class": "Group",
            "module": "p5.play",
            "submodule": "p5.play"
        },
        {
            "file": "lib/p5.play.js",
            "line": 2435,
            "description": "Returns the highest depth in a group",
            "itemtype": "method",
            "name": "maxDepth",
            "return": {
                "description": "The depth of the sprite drawn on the top",
                "type": "Number"
            },
            "class": "Group",
            "module": "p5.play",
            "submodule": "p5.play"
        },
        {
            "file": "lib/p5.play.js",
            "line": 2456,
            "description": "Returns the lowest depth in a group",
            "itemtype": "method",
            "name": "minDepth",
            "return": {
                "description": "The depth of the sprite drawn on the bottom",
                "type": "Number"
            },
            "class": "Group",
            "module": "p5.play",
            "submodule": "p5.play"
        },
        {
            "file": "lib/p5.play.js",
            "line": 2477,
            "description": "Draws all the sprites in the group.",
            "itemtype": "method",
            "name": "draw",
            "class": "Group",
            "module": "p5.play",
            "submodule": "p5.play"
        },
        {
            "file": "lib/p5.play.js",
            "line": 2513,
            "description": "Checks if the the group is overlapping another group.\nThe check is performed using the colliders. If colliders are not set\nthey will be created automatically from the image/animation bounding box.\n\nA callback function can be specified to perform additional operations\nwhen the overlap occours.\nThe function will be called for each single sprite overlapping.\nThe parameter of the function are respectively the\nmember of the current group and the member of the group passed as parameter.",
            "example": [
                "\n<code>\nsprite.overlap(otherSprite, explosion);\n\nfunction explosion(spriteA, spriteB) {\nspriteA.remove();\nspriteB.score++;\n}\n</code>"
            ],
            "itemtype": "method",
            "name": "overlap",
            "params": [
                {
                    "name": "target",
                    "description": "Group to check against the current one",
                    "type": "Object"
                },
                {
                    "name": "callback",
                    "description": "The function to be called if overlap is positive",
                    "type": "Function",
                    "optional": true
                }
            ],
            "return": {
                "description": "True if overlapping",
                "type": "Boolean"
            },
            "class": "Group",
            "module": "p5.play",
            "submodule": "p5.play"
        },
        {
            "file": "lib/p5.play.js",
            "line": 2545,
            "description": "Checks if the the group is overlapping another group.\nIf the overlap is positive the sprites in the group will be displaced\nby the colliding one to the closest non-overlapping positions.\n\nThe check is performed using the colliders. If colliders are not set\nthey will be created automatically from the image/animation bounding box.\n\nA callback function can be specified to perform additional operations\nwhen the overlap occours.\nThe function will be called for each single sprite overlapping.\nThe parameter of the function are respectively the\nmember of the current group and the member of the group passed as parameter.",
            "example": [
                "\n<code>\nsprite.overlap(otherSprite, explosion);\n\nfunction explosion(spriteA, spriteB) {\nspriteA.remove();\nspriteB.score++;\n}\n</code>"
            ],
            "itemtype": "method",
            "name": "overlap",
            "params": [
                {
                    "name": "target",
                    "description": "Group to check against the current one",
                    "type": "Object"
                },
                {
                    "name": "callback",
                    "description": "The function to be called if overlap is positive",
                    "type": "Function",
                    "optional": true
                }
            ],
            "return": {
                "description": "True if overlapping",
                "type": "Boolean"
            },
            "class": "Group",
            "module": "p5.play",
            "submodule": "p5.play"
        },
        {
            "file": "lib/p5.play.js",
            "line": 2579,
            "description": "Checks if the the group is overlapping another group.\nIf the overlap is positive the sprites in the group will displace\nthe colliding ones to the closest non-overlapping positions.\n\nThe check is performed using the colliders. If colliders are not set\nthey will be created automatically from the image/animation bounding box.\n\nA callback function can be specified to perform additional operations\nwhen the overlap occours.\nThe function will be called for each single sprite overlapping.\nThe parameter of the function are respectively the\nmember of the current group and the member of the group passed as parameter.",
            "example": [
                "\n<code>\nsprite.displace(otherSprite, explosion);\n\nfunction explosion(spriteA, spriteB) {\nspriteA.remove();\nspriteB.score++;\n}\n</code>"
            ],
            "itemtype": "method",
            "name": "displace",
            "params": [
                {
                    "name": "target",
                    "description": "Group to check against the current one",
                    "type": "Object"
                },
                {
                    "name": "callback",
                    "description": "The function to be called if overlap is positive",
                    "type": "Function",
                    "optional": true
                }
            ],
            "return": {
                "description": "True if overlapping",
                "type": "Boolean"
            },
            "class": "Group",
            "module": "p5.play",
            "submodule": "p5.play"
        },
        {
            "file": "lib/p5.play.js",
            "line": 2613,
            "description": "Checks if the the group is overlapping another group.\nIf the overlap is positive the sprites will bounce affecting each\nother's trajectories depending on their .velocity, .mass and .restitution\n\nThe check is performed using the colliders. If colliders are not set\nthey will be created automatically from the image/animation bounding box.\n\nA callback function can be specified to perform additional operations\nwhen the overlap occours.\nThe function will be called for each single sprite overlapping.\nThe parameter of the function are respectively the\nmember of the current group and the member of the group passed as parameter.",
            "example": [
                "\n<code>\nsprite.bounce(otherSprite, explosion);\n\nfunction explosion(spriteA, spriteB) {\nspriteA.remove();\nspriteB.score++;\n}\n</code>"
            ],
            "itemtype": "method",
            "name": "bounce",
            "params": [
                {
                    "name": "target",
                    "description": "Group to check against the current one",
                    "type": "Object"
                },
                {
                    "name": "callback",
                    "description": "The function to be called if overlap is positive",
                    "type": "Function",
                    "optional": true
                }
            ],
            "return": {
                "description": "True if overlapping",
                "type": "Boolean"
            },
            "class": "Group",
            "module": "p5.play",
            "submodule": "p5.play"
        },
        {
            "file": "lib/p5.play.js",
            "line": 3018,
            "description": "Array of frames (p5.Image)",
            "itemtype": "property",
            "name": "images",
            "type": "{Array}",
            "class": "Animation",
            "module": "p5.play",
            "submodule": "p5.play"
        },
        {
            "file": "lib/p5.play.js",
            "line": 3033,
            "description": "Delay between frames in number of draw cycles.\nIf set to 4 the framerate of the anymation would be the\nsketch framerate divided by 4 (60fps = 15fps)",
            "itemtype": "property",
            "name": "frameDelay",
            "type": "{Number}",
            "default": "2",
            "class": "Animation",
            "module": "p5.play",
            "submodule": "p5.play"
        },
        {
            "file": "lib/p5.play.js",
            "line": 3044,
            "description": "True if the animation is currently playing.",
            "itemtype": "property",
            "name": "playing",
            "type": "{Boolean}",
            "default": "true",
            "class": "Animation",
            "module": "p5.play",
            "submodule": "p5.play"
        },
        {
            "file": "lib/p5.play.js",
            "line": 3053,
            "description": "Animation visibility.",
            "itemtype": "property",
            "name": "visible",
            "type": "{Boolean}",
            "default": "true",
            "class": "Animation",
            "module": "p5.play",
            "submodule": "p5.play"
        },
        {
            "file": "lib/p5.play.js",
            "line": 3062,
            "description": "If set to false the animation will stop after reaching the last frame",
            "itemtype": "property",
            "name": "looping",
            "type": "{Boolean}",
            "default": "true",
            "class": "Animation",
            "module": "p5.play",
            "submodule": "p5.play"
        },
        {
            "file": "lib/p5.play.js",
            "line": 3071,
            "description": "True if frame changed during the last draw cycle",
            "itemtype": "property",
            "name": "frameChanged",
            "type": "{Boolean}",
            "class": "Animation",
            "module": "p5.play",
            "submodule": "p5.play"
        },
        {
            "file": "lib/p5.play.js",
            "line": 3194,
            "description": "Objects are passed by reference so to have different sprites\nusing the same animation you need to clone it.",
            "itemtype": "method",
            "name": "clone",
            "return": {
                "description": "A clone of the current animation",
                "type": "Animation"
            },
            "class": "Animation",
            "module": "p5.play",
            "submodule": "p5.play"
        },
        {
            "file": "lib/p5.play.js",
            "line": 3220,
            "description": "Draws the animation at coordinate x and y.\nUpdates the frames automatically.",
            "itemtype": "method",
            "name": "draw",
            "params": [
                {
                    "name": "x",
                    "description": "x coordinate",
                    "type": "Number"
                },
                {
                    "name": "y",
                    "description": "y coordinate",
                    "type": "Number"
                }
            ],
            "class": "Animation",
            "module": "p5.play",
            "submodule": "p5.play"
        },
        {
            "file": "lib/p5.play.js",
            "line": 3322,
            "description": "Plays the animation.",
            "itemtype": "method",
            "name": "play",
            "class": "Animation",
            "module": "p5.play",
            "submodule": "p5.play"
        },
        {
            "file": "lib/p5.play.js",
            "line": 3332,
            "description": "Stops the animation.",
            "itemtype": "method",
            "name": "stop",
            "class": "Animation",
            "module": "p5.play",
            "submodule": "p5.play"
        },
        {
            "file": "lib/p5.play.js",
            "line": 3341,
            "description": "Rewinds the animation to the first frame.",
            "itemtype": "method",
            "name": "rewind",
            "class": "Animation",
            "module": "p5.play",
            "submodule": "p5.play"
        },
        {
            "file": "lib/p5.play.js",
            "line": 3350,
            "description": "Changes the current frame.",
            "itemtype": "method",
            "name": "changeFrame",
            "params": [
                {
                    "name": "frame",
                    "description": "Frame number (starts from 0).",
                    "type": "Number"
                }
            ],
            "class": "Animation",
            "module": "p5.play",
            "submodule": "p5.play"
        },
        {
            "file": "lib/p5.play.js",
            "line": 3366,
            "description": "Goes to the next frame and stops.",
            "itemtype": "method",
            "name": "changeFrame",
            "class": "Animation",
            "module": "p5.play",
            "submodule": "p5.play"
        },
        {
            "file": "lib/p5.play.js",
            "line": 3382,
            "description": "Goes to the next frame and stops.",
            "itemtype": "method",
            "name": "changeFrame",
            "class": "Animation",
            "module": "p5.play",
            "submodule": "p5.play"
        },
        {
            "file": "lib/p5.play.js",
            "line": 3398,
            "description": "Plays the animation forward or backward toward a target frame.",
            "itemtype": "method",
            "name": "goToFrame",
            "params": [
                {
                    "name": "targetFrame",
                    "description": "Frame number destination (starts from 0)",
                    "type": "Number"
                }
            ],
            "class": "Animation",
            "module": "p5.play",
            "submodule": "p5.play"
        },
        {
            "file": "lib/p5.play.js",
            "line": 3414,
            "description": "Returns the current frame number.",
            "itemtype": "method",
            "name": "getFrame",
            "return": {
                "description": "Current frame (starts from 0)",
                "type": "Number"
            },
            "class": "Animation",
            "module": "p5.play",
            "submodule": "p5.play"
        },
        {
            "file": "lib/p5.play.js",
            "line": 3424,
            "description": "Returns the last frame number.",
            "itemtype": "method",
            "name": "getLastFrame",
            "return": {
                "description": "Last frame number (starts from 0)",
                "type": "Number"
            },
            "class": "Animation",
            "module": "p5.play",
            "submodule": "p5.play"
        },
        {
            "file": "lib/p5.play.js",
            "line": 3434,
            "description": "Returns the current frame image as p5.Image.",
            "itemtype": "method",
            "name": "getFrameImage",
            "return": {
                "description": "Current frame image",
                "type": "p5.Image"
            },
            "class": "Animation",
            "module": "p5.play",
            "submodule": "p5.play"
        },
        {
            "file": "lib/p5.play.js",
            "line": 3444,
            "description": "Returns the frame image at the specified frame number.",
            "itemtype": "method",
            "name": "getImageAt",
            "params": [
                {
                    "name": "frame",
                    "description": "Frame number",
                    "type": "Number"
                }
            ],
            "return": {
                "description": "Frame image",
                "type": "p5.Image"
            },
            "class": "Animation",
            "module": "p5.play",
            "submodule": "p5.play"
        },
        {
            "file": "lib/p5.play.js",
            "line": 3455,
            "description": "Returns the current frame width in pixels.",
            "itemtype": "method",
            "name": "getWidth",
            "return": {
                "description": "Frame width",
                "type": "Number"
            },
            "class": "Animation",
            "module": "p5.play",
            "submodule": "p5.play"
        },
        {
            "file": "lib/p5.play.js",
            "line": 3465,
            "description": "Returns the current frame height in pixels.",
            "itemtype": "method",
            "name": "getHeight",
            "return": {
                "description": "Frame height",
                "type": "Number"
            },
            "class": "Animation",
            "module": "p5.play",
            "submodule": "p5.play"
        },
        {
            "file": "lib/p5.play.js",
            "line": 3512,
            "description": "Generate the frames data for this sprite sheet baesd on user params",
            "access": "private",
            "tagname": "",
            "class": "SpriteSheet",
            "module": "p5.play",
            "submodule": "p5.play"
        },
        {
            "file": "lib/p5.play.js",
            "line": 3557,
            "description": "Draws a specific frame to the canvas.",
            "params": [
                {
                    "name": "frame_name",
                    "description": "Can either be a string name, or a numeric index."
                },
                {
                    "name": "x",
                    "description": "x position to draw the frame at"
                },
                {
                    "name": "y",
                    "description": "y position to draw the frame at"
                },
                {
                    "name": "width",
                    "description": "optional width to draw the frame",
                    "optional": true
                },
                {
                    "name": "height",
                    "description": "optional height to draw the frame",
                    "optional": true
                }
            ],
            "itemtype": "method",
            "name": "drawFrame",
            "class": "SpriteSheet",
            "module": "p5.play",
            "submodule": "p5.play"
        },
        {
            "file": "lib/p5.play.js",
            "line": 3584,
            "description": "Objects are passed by reference so to have different sprites\nusing the same animation you need to clone it.",
            "itemtype": "method",
            "name": "clone",
            "return": {
                "description": "A clone of the current SpriteSheet",
                "type": "SpriteSheet"
            },
            "class": "SpriteSheet",
            "module": "p5.play",
            "submodule": "p5.play"
        }
    ],
    "warnings": [
        {
            "message": "unknown tag: methid",
            "line": " lib/p5.play.js:153"
        },
        {
            "message": "replacing incorrect tag: returns with return",
            "line": " lib/p5.play.js:1306"
        },
        {
            "message": "replacing incorrect tag: returns with return",
            "line": " lib/p5.play.js:1323"
        },
        {
            "message": "replacing incorrect tag: returns with return",
            "line": " lib/p5.play.js:1689"
        },
        {
            "message": "replacing incorrect tag: returns with return",
            "line": " lib/p5.play.js:1726"
        },
        {
            "message": "replacing incorrect tag: returns with return",
            "line": " lib/p5.play.js:1759"
        },
        {
            "message": "replacing incorrect tag: returns with return",
            "line": " lib/p5.play.js:1790"
        },
        {
            "message": "replacing incorrect tag: returns with return",
            "line": " lib/p5.play.js:1824"
        },
        {
            "message": "replacing incorrect tag: returns with return",
            "line": " lib/p5.play.js:1857"
        },
        {
            "message": "replacing incorrect tag: returns with return",
            "line": " lib/p5.play.js:2513"
        },
        {
            "message": "replacing incorrect tag: returns with return",
            "line": " lib/p5.play.js:2545"
        },
        {
            "message": "replacing incorrect tag: returns with return",
            "line": " lib/p5.play.js:2579"
        },
        {
            "message": "replacing incorrect tag: returns with return",
            "line": " lib/p5.play.js:2613"
        },
        {
            "message": "Missing item type\nDisplays a Group of sprites.\nIf no parameter is specified, draws all sprites in the\nsketch.\nThe drawing order is determined by the Sprite property \"depth\"",
            "line": " lib/p5.play.js:153"
        },
        {
            "message": "Missing item type\nCreates a default collider matching the size of the\nplaceholder rectangle or the bounding box of the image.",
            "line": " lib/p5.play.js:1139"
        },
        {
            "message": "Missing item type\nUpdates the sprite mouse states and triggers the mouse events:\nonMouseOver, onMouseOut, onMousePressed, onMouseReleased",
            "line": " lib/p5.play.js:1171"
        },
        {
            "message": "Missing item type\nReturns a the bounding box of the current image",
            "line": " lib/p5.play.js:1287"
        },
        {
            "message": "Missing item type\nManages the positioning, scale and rotation of the sprite\nCalled automatically, it should not be overridden",
            "line": " lib/p5.play.js:1341"
        },
        {
            "message": "Missing item type\nInternal collision detection function. Do not use directly.",
            "line": " lib/p5.play.js:1890"
        },
        {
            "message": "Missing item type\nSame as Group.contains",
            "line": " lib/p5.play.js:2345"
        },
        {
            "message": "Missing item type\nSame as group.length",
            "line": " lib/p5.play.js:2376"
        },
        {
            "message": "Missing item type\nReturns a copy of the group as standard array.",
            "line": " lib/p5.play.js:2428"
        },
        {
            "message": "Missing item type\nGenerate the frames data for this sprite sheet baesd on user params",
            "line": " lib/p5.play.js:3512"
        }
    ]
}